{
  "languageTag" : "default",
  "keys" : {
    "systemConfiguration_errorMaxStatesExceededPrompt" : {
      "message" : "Your session appears to be in an infinite loop.",
      "extensionType" : null,
      "trackingId" : "63DC6E85-2BE2-4BB1-A05B-AEAED7CA7111",
      "annotation" : "The message when the bot appears to be in an infinite loop."
    },
    "systemComponent_IntelligentAdvisor_uncertainLabel" : {
      "message" : "Uncertain",
      "extensionType" : null,
      "trackingId" : "6F3C95E7-7F60-4BA2-BFFC-467ACADF4C6B",
      "annotation" : "The label that appears for optional values and is what the user can type if they don't know the value."
    },
    "systemComponent_QnA_exitLabel" : {
      "message" : "Exit Questions",
      "extensionType" : null,
      "trackingId" : "AE387DEC-79AD-4E3B-BF76-5621D9714B3B",
      "annotation" : "The label for the exit questions action."
    },
    "systemComponent_Intent_optionsQnaLabel" : {
      "message" : "View Answers",
      "extensionType" : null,
      "trackingId" : "BDEAAD2A-FE97-4D65-A253-01EE4CC87AE1",
      "annotation" : "The label of the action in the options (see optionsPrompt) that will take the user to the QnA component to display the matches."
    },
    "systemComponent_Webview_cancelLabel" : {
      "message" : "Cancel",
      "extensionType" : null,
      "trackingId" : "7C8FFB5C-9F84-4FD7-9F6D-FE9299A67CAF",
      "annotation" : "The label of the cancel button to leave this state without invoking the webview."
    },
    "systemComponent_AgentTransfer_errorMessage" : {
      "message" : "We were unable to transfer you to another agent because there was a system error.",
      "extensionType" : null,
      "trackingId" : "91DA7A24-6371-4AE6-A8A5-9140816F7A8B",
      "annotation" : "The message shown to the user when Digital Assistant experiences trouble with the agent chat system."
    },
    "systemComponent_AgentConversation_userLeftMessage" : {
      "message" : "User left the chat.",
      "extensionType" : null,
      "trackingId" : "A35817CC-5A03-417C-BE0F-4256B07CB681",
      "annotation" : null
    },
    "systemComponent_AgentInitiation_errorMessage" : {
      "message" : "Error transferring to agent. The reason is: {0}.",
      "extensionType" : null,
      "trackingId" : "3D2AB2D1-9B59-4E8B-B50A-2715A69ABAC4",
      "annotation" : "The message shown to user when system error occurs during chat initiation with agent."
    },
    "systemComponent_QnA_answersLabel" : {
      "message" : "Answers",
      "extensionType" : null,
      "trackingId" : "8AF8F011-BBF9-45B7-9B6B-2498A0ED2BFA",
      "annotation" : "The label for the action to view answers in a particular category."
    },
    "systemComponent_IntelligentAdvisor_undoLabel" : {
      "message" : "/back",
      "extensionType" : null,
      "trackingId" : "11E89B16-0D94-41FD-9DF0-CBF96F3B7501",
      "annotation" : "The text that users have to type to indicate that they want to go back to the previous question."
    },
    "systemComponent_IntelligentAdvisor_maskLabel" : {
      "message" : "Answer format: {0}",
      "extensionType" : null,
      "trackingId" : "EA843E76-CF45-42EE-88AF-E5DCF02C8AE6",
      "annotation" : "Text that's added to a question to display the expected format for Intelligent Advisor interview inputs of type Masked Text Box."
    },
    "systemComponent_AgentTransfer_rejectedMessage" : {
      "message" : "Agent rejected.",
      "extensionType" : null,
      "trackingId" : "67386FCA-E8AB-440C-84C4-2B590CE85E65",
      "annotation" : "The message that's shown to the users whenever a human agent rejects the chat request, 'maxEngagementsInQueue' is exceeded, the 'allowTransferIf' condition is not met, or the estimated wait time exceeds 'maxWaitSeconds'."
    },
    "systemComponent_KnowledgeSearch_defaultAttachmentLabel" : {
      "message" : "Download",
      "extensionType" : null,
      "trackingId" : "47EF16D1-D464-4C6F-9324-8A7C2231A785",
      "annotation" : "The default label to use for the result card's URL action that is linked with an attachment of the search result if that attachment does not have a display name configured already."
    },
    "systemComponent_AgentConversation_expiryMessage" : {
      "message" : "Chat session expired. Thanks for chatting with us.",
      "extensionType" : null,
      "trackingId" : "C801A5EF-92B4-4922-B200-7E9E0C096E59",
      "annotation" : "The message shown to the user when the chat session expires."
    },
    "systemComponent_AgentTransfer_waitingMessage" : {
      "message" : "Agent chat session established, Waiting for agent to join.",
      "extensionType" : null,
      "trackingId" : "D13EFA4E-2543-4AF4-9963-FD1436AD7F25",
      "annotation" : "The message that's shown to users when they're transferred to a human agent."
    },
    "systemConfiguration_oauthSuccessPrompt" : {
      "message" : "Authentication successful! You can return to the conversation.",
      "extensionType" : null,
      "trackingId" : "1562836D-97A2-48B1-AE99-3B61A965A73C",
      "annotation" : "The message when OAuth authorization succeeds."
    },
    "systemComponent_AgentConversation_errorMessage" : {
      "message" : "Chat session error. The reason is: {0}.",
      "extensionType" : null,
      "trackingId" : "486A01FF-90CE-4027-96A7-7A4296AEEB01",
      "annotation" : "The message shown to the user when Digital Assistant experiences errors with the agent chat system."
    },
    "systemComponent_SelectCalendarEvent_prompt" : {
      "message" : "You have the following meeting(s):",
      "extensionType" : null,
      "trackingId" : "FE428CF8-384D-4354-8ABD-7D24B45042B3",
      "annotation" : "The text that appears before the list of meeting."
    },
    "systemComponent_Webview_linkLabel" : {
      "message" : "Tap to continue",
      "extensionType" : null,
      "trackingId" : "46E22E16-771A-4A87-82B4-21CE3140D6C6",
      "annotation" : "The label of the button to invoke the webview."
    },
    "systemConfiguration_internalWelcomeMessage" : {
      "message" : "help",
      "extensionType" : null,
      "trackingId" : "805C8EDC-50F2-4968-9044-24529F6C60DF",
      "annotation" : "The internal message sent to the skill when a channel handles the event that a new user has gotten access to the skill. The reply to the internal message is sent as welcome message to the new user."
    },
    "systemComponent_QnA_subCategoriesLabel" : {
      "message" : "Sub-Categories",
      "extensionType" : null,
      "trackingId" : "073E24F9-BE88-41F4-B16D-DAE447B14179",
      "annotation" : "The label for the action to display sub-categories within a given category."
    },
    "systemComponent_IntelligentAdvisor_noLabel" : {
      "message" : "No",
      "extensionType" : null,
      "trackingId" : "CA34B2FD-57F8-4B5D-B9E8-F3A5F2A6CC5A",
      "annotation" : "The label to use to represent Boolean FALSE values."
    },
    "systemComponent_AgentConversation_waitExpiryMessage" : {
      "message" : "The request for live chat expired while waiting for an agent.",
      "extensionType" : null,
      "trackingId" : "D5446C6D-D08F-48EA-B785-A7D7058E30C6",
      "annotation" : "The message shown to the user when the chat expires while waiting for an agent."
    },
    "systemComponent_KnowledgeSearch_resultLinkLabel" : {
      "message" : "View Details",
      "extensionType" : null,
      "trackingId" : "AE1EC2C2-CAD7-4C61-BCE9-55851FCAB5E6",
      "annotation" : "The label to use for the result card's URL action that's linked to the web version of the knowledge article."
    },
    "systemComponent_OAuthAccountLink_prompt" : {
      "message" : "Please tap on the link to proceed",
      "extensionType" : null,
      "trackingId" : "BF5D0BA3-B7A3-47F8-8154-1D0535C605AD",
      "annotation" : "The message that tells users to sign in now."
    },
    "systemComponent_IntelligentAdvisor_outOfOrderMessage" : {
      "message" : "You have already answered this question. When you want to step backwards to change a previous answer, say {0}.",
      "extensionType" : null,
      "trackingId" : "BE08E1B9-41CF-4EF5-A8E9-F216FDAB88EB",
      "annotation" : "Error message that's displayed when the user taps a button in a previous Intelligent Advisor interview message."
    },
    "systemComponent_IntelligentAdvisor_yesNoMessage" : {
      "message" : "Enter either {0} or {1}",
      "extensionType" : null,
      "trackingId" : "0501FDBF-1E0A-448B-9FE3-EABC8187F285",
      "annotation" : "Message that's displayed when the user enters an invalid answer for Intelligent Advisor interview inputs of type Boolean Radio Button."
    },
    "systemComponent_ResolveEntities_showPreviousLabel" : {
      "message" : "Show Previous",
      "extensionType" : null,
      "trackingId" : "9E92D7B1-6693-4887-82C8-B978E0F254F1",
      "annotation" : "The label used for the backward pagination button when the number of enumeration values, or disambiguation matches exceeds the 'Enumeration Range Size' property of the composite bag item."
    },
    "systemComponent_QnA_viewAnswerLabel" : {
      "message" : "View",
      "extensionType" : null,
      "trackingId" : "B27ED901-FCFA-4FEF-A5CA-CC3DA506074C",
      "annotation" : "The label for the action to view answer details."
    },
    "systemComponent_AgentInitiation_resumedMessage" : {
      "message" : "Resuming chat with agent",
      "extensionType" : null,
      "trackingId" : "CAFCAE98-5556-4CB0-864D-57F5ED0147C0",
      "annotation" : "The message shown to the user when the chat with human agent is resumed."
    },
    "systemComponent_AgentInitiation_agentActionsMessage" : {
      "message" : "\\n Here are the available actions that you can send to transfer the conversation back to the bot. Prepend the action with a forward slash (for example, /actionName).\\n",
      "extensionType" : null,
      "trackingId" : "291F86D3-0A74-43BA-9659-D086922A2FB9",
      "annotation" : "Message preceding the list of agent actions."
    },
    "systemComponent_QnA_categoriesLabel" : {
      "message" : "Categories",
      "extensionType" : null,
      "trackingId" : "F09870A0-28B6-41D2-892C-C5E85F13124C",
      "annotation" : "The label for the action to display the categories that match the user utterance."
    },
    "systemConfiguration_errorExpiredSessionPrompt" : {
      "message" : "Your session has expired.  Please start again.",
      "extensionType" : null,
      "trackingId" : "550C7B6D-14A1-4F18-BD53-C0EAAB9371F5",
      "annotation" : "The message when the session has expired."
    },
    "systemComponent_IntelligentAdvisor_yesLabel" : {
      "message" : "Yes",
      "extensionType" : null,
      "trackingId" : "F8280488-EDDF-443A-ACDE-CDCFE48522C7",
      "annotation" : "The label to use to represent Boolean TRUE values."
    },
    "systemComponent_Intent_optionsPrompt" : {
      "message" : "Do you want to",
      "extensionType" : null,
      "trackingId" : "3A2892F0-50DA-4085-83B4-A2999A897EBE",
      "annotation" : "The prompt shown to the user when there are multiple top intents within the confidence win margin."
    },
    "systemComponent_IntelligentAdvisor_endLabel" : {
      "message" : "Interview ended",
      "extensionType" : null,
      "trackingId" : "AD58BD91-65EB-4939-A7F9-693FC7B9401C",
      "annotation" : "The label that is shown in the chat at the end of the interview."
    },
    "systemConfiguration_errorUnexpectedErrorPrompt" : {
      "message" : "Oops I'm encountering a spot of trouble. Please try again later...",
      "extensionType" : null,
      "trackingId" : "EC88AFAC-7934-4A1D-A10F-3B72651D9C53",
      "annotation" : "The message when there is an unexpected error."
    },
    "systemComponent_AgentTransfer_acceptedMessage" : {
      "message" : "The chat has been transferred to another agent.",
      "extensionType" : null,
      "trackingId" : "F09DED81-4CC8-46A9-9B3E-0B377C839D2D",
      "annotation" : "The message that's shown to the users whenever a human agent accepts the chat request."
    },
    "systemComponent_IntelligentAdvisor_answerNotValid" : {
      "message" : "The answer is not in the correct format. Try again.",
      "extensionType" : null,
      "trackingId" : "939D6155-F195-4B2A-8BC6-51CC4756E7BB",
      "annotation" : "Message that's displayed for Intelligent Advisor interview inputs of type Masked when the user's answer doesn't conform to the specified input mask."
    },
    "systemComponent_AgentConversation_conclusionMessage" : {
      "message" : "Chat session ended. Thanks for chatting with us.",
      "extensionType" : null,
      "trackingId" : "34E65CD1-211D-46E3-847E-18A84A56C750",
      "annotation" : "The message shown to the user when human agent ends the chat."
    },
    "systemComponent_IntelligentAdvisor_doneHelp" : {
      "message" : "When you are done with the upload, say {0}.",
      "extensionType" : null,
      "trackingId" : "A358578F-6C2F-4C1B-8B11-AD54CBD991FA",
      "annotation" : "Help message that's displayed for Intelligent Advisor interview inputs of type Upload."
    },
    "systemComponent_Webview_prompt" : {
      "message" : "Please tap on the link to proceed",
      "extensionType" : null,
      "trackingId" : "B1098643-182A-4FA8-9976-8F876F5980EB",
      "annotation" : "The message for the user to tap on the link to invoke the webview."
    },
    "systemComponent_QnA_moreCategoriesLabel" : {
      "message" : "More Categories",
      "extensionType" : null,
      "trackingId" : "C5185D11-9DCA-4A48-BFEA-085B6975800B",
      "annotation" : "The label for the action to paginate to next set of categories."
    },
    "systemComponent_IntelligentAdvisor_numberMinMax" : {
      "message" : "Enter a number between {0} and {1}.",
      "extensionType" : null,
      "trackingId" : "7C3E6904-6B46-4947-8973-716378156666",
      "annotation" : "Message that's displayed when the user enters a value outside of the specified range for an Intelligent Advisor interview input of type Slider."
    },
    "systemComponent_IntelligentAdvisor_exitLabel" : {
      "message" : "/exit",
      "extensionType" : null,
      "trackingId" : "9BF33468-E612-4439-8237-A0F316B80F64",
      "annotation" : "The text that users have to type to indicate that they want to exit the interview."
    },
    "systemComponent_AgentConversation_exitKeywords" : {
      "message" : "bye, take care, see you, goodbye",
      "extensionType" : null,
      "trackingId" : "49BCD904-D5CB-4A02-83D5-7CA4467CFBEA",
      "annotation" : "Comma-delimited list of keywords the user can use to end the chat with the agent."
    },
    "systemComponent_ResolveEntities_defaultPrompt" : {
      "message" : "Please enter {0}",
      "extensionType" : null,
      "trackingId" : "A401C356-4869-4BDC-BE12-8DFAC994BEAC",
      "annotation" : "Default message shown to prompt the user for input."
    },
    "systemComponent_QnA_moreAnswersLabel" : {
      "message" : "More Answers",
      "extensionType" : null,
      "trackingId" : "8AB6AB9B-99C0-40BC-871F-488FC110601F",
      "annotation" : "The label for the action to paginate to next set of answers."
    },
    "systemConfiguration_oauthCancelPrompt" : {
      "message" : "Authentication canceled.",
      "extensionType" : null,
      "trackingId" : "78BAE4C4-C5AD-47F6-AFB5-AE9B609F68B4",
      "annotation" : "The message when OAuth authorization is canceled."
    },
    "systemComponent_OAuth2AccountLink_prompt" : {
      "message" : "Please sign in",
      "extensionType" : null,
      "trackingId" : "19CE537B-BD98-47D9-A81B-118A6966BE2E",
      "annotation" : "The message that tells users to sign in now."
    },
    "systemComponent_OAuth2AccountLink_linkLabel" : {
      "message" : "Get an access token",
      "extensionType" : null,
      "trackingId" : "D596A18F-C98A-4BB2-BE50-E6A40BCEFA75",
      "annotation" : "The label for the button that invokes the authentication dialog."
    },
    "systemComponent_ResolveEntities_showMoreLabel" : {
      "message" : "Show More",
      "extensionType" : null,
      "trackingId" : "5DEB6EF0-3DAF-43B6-B37D-462B89E15FBB",
      "annotation" : "The label used for the forward pagination button when the number of enumeration values, or disambiguation matches exceeds the 'Enumeration Range Size' property of the composite bag item."
    },
    "systemComponent_ResolveEntities_defaultDisambiguationPrompt" : {
      "message" : "Please select one value for {0}",
      "extensionType" : null,
      "trackingId" : "F8086325-1562-4811-B81D-F870DAECD81E",
      "annotation" : "Default message shown when the user entered ambiguous input causing multiple entity matches."
    },
    "systemComponent_OAuthAccountLink_linkLabel" : {
      "message" : "Log In",
      "extensionType" : null,
      "trackingId" : "F4D1B7FC-0C3E-4A99-A036-1502D845ECE3",
      "annotation" : "The label for the button that invokes the authentication dialog."
    },
    "systemComponent_IntelligentAdvisor_explanationAskLabel" : {
      "message" : "Do you want to see the explanation?",
      "extensionType" : null,
      "trackingId" : "709873E8-B97B-41CE-8B0B-36061A4FE7F1",
      "annotation" : "The question that is asked when showExplanation is set to 'ask'."
    },
    "systemComponent_AgentInitiation_waitingMessage" : {
      "message" : "Agent chat session established, Waiting for agent to join.",
      "extensionType" : null,
      "trackingId" : "737232CD-578E-4932-8F33-2828B328BFF5",
      "annotation" : "The message that's shown to users when they are waiting for a human agent."
    },
    "systemComponent_AgentInitiation_rejectedMessage" : {
      "message" : "Agent rejected.",
      "extensionType" : null,
      "trackingId" : "54A66060-921D-4919-9FFC-ABA118EF2946",
      "annotation" : "The message shown to the user when human agent rejects the chat request."
    },
    "systemComponent_IntelligentAdvisor_doneLabel" : {
      "message" : "/done",
      "extensionType" : null,
      "trackingId" : "B22C1254-1DFF-47ED-8B53-92A91147072D",
      "annotation" : "The text that users have to type to indicate that they are done uploading a file."
    },
    "systemComponent_IntelligentAdvisor_resetLabel" : {
      "message" : "/reset",
      "extensionType" : null,
      "trackingId" : "471D0680-AE07-403D-AFDD-EAF342D87F84",
      "annotation" : "The text that users have to type to indicate that they want to go back to the first question."
    },
    "systemComponent_OAuthAccountLink_cancelLabel" : {
      "message" : "Cancel",
      "extensionType" : null,
      "trackingId" : "2558A73F-38AD-4D66-AE07-9AFBBAC0CC23",
      "annotation" : "The label for the cancel button that lets users leave the state without invoking the authentication dialog."
    },
    "systemFlowName_orderstatus" : {
      "message" : "orderstatus",
      "extensionType" : null,
      "trackingId" : "63C54182-A223-4C8D-A340-9F6535A1D275",
      "annotation" : null
    },
    "systemComponent_IntelligentAdvisor_resumeSessionPrompt" : {
      "message" : "Do you want to restart the interview from where you previously left?",
      "extensionType" : null,
      "trackingId" : "9B9A3109-B519-4CF8-926F-290C507F6D68",
      "annotation" : "Question that is asked if the user starts an interview that they had previously left before the interview completed."
    },
    "systemComponent_IntelligentAdvisor_defaultValue" : {
      "message" : "Suggested value is {0}.",
      "extensionType" : null,
      "trackingId" : "CDDF18EF-AEA4-4B85-A4AB-200D42F29291",
      "annotation" : "Text that's added to a question when the Intelligent Advisor interview input has a default value."
    },
    "systemComponent_OAuth2AccountLink_cancelLabel" : {
      "message" : "Cancel",
      "extensionType" : null,
      "trackingId" : "06BB6DFA-CC16-40CD-AB98-7507A98C4C95",
      "annotation" : "The label for the cancel button that lets users leave the state without invoking the authentication dialog."
    },
    "systemComponent_KnowledgeSearch_noResultText" : {
      "message" : "Sorry, no result was found in the knowledge search.",
      "extensionType" : null,
      "trackingId" : "094203BA-44F4-4B34-B7FE-EBBBB4013C9F",
      "annotation" : "The text to output when no search result is available."
    }
  }
}