{
  "name" : "orderstatus",
  "type" : "NLPIntent",
  "trackingId" : "38D33546-BDFB-4FE6-8A62-BDFAA0B541D7",
  "enabled" : true,
  "intentParameters" : [ {
    "name" : "ordernumberpart",
    "required" : true,
    "entity" : "ordernumberpart",
    "trackingId" : "901FA933-181E-4270-B1F0-447CE28C995E"
  } ],
  "exampleData" : [ {
    "sentence" : "order number is 123454678",
    "trackingId" : "FBC65997-5C59-4862-86A2-4919CD9FFE74",
    "nativeLanguageTag" : "en",
    "translated" : null,
    "detectedLanguage" : null,
    "translatedLanguage" : null,
    "translatedBy" : null,
    "crowdJobId" : null,
    "contributor" : null,
    "developerId" : null,
    "developerTag" : null,
    "exampleEntities" : [ ]
  } ],
  "autoCompleteData" : [ ]
}